title,summary,published_at
How to recession-proof your house as a homeowner,"Recessions impact homeowners, especially if you’re out of a job or your house loses value. Here are tips for recession-proofing your home in case the worst happens.",2025-04-28T18:15:24Z
Elon Musk gets more bad news as rival launches the anti-Tesla,Another titan of industry is gunning hard for Musk's market share.,2025-04-28T22:37:00Z
These Are The 5 Best Stocks To Buy Now Or Put On A Watchlist,"Buying a stock is easy, but buying the right stock without a good strategy is incredibly hard. Here are five top-performing stocks to buy now or put on a watchlist.",2025-04-29T10:20:04Z
What to do if you are denied a loan,"If you get denied after applying for a personal loan, these are the steps you should take next to improve your chances of acceptance.",2025-04-28T14:57:26Z
IBM Plans $150 Billion US Investment to Boost Computer Manufacturing,International Business Machines (IBM) said Monday it plans to invest $150 billion in the US over the,2025-04-28T14:59:04Z
Analyst Report: Sysco Corporation,"Sysco is the largest US foodservice distributor with 17% share of the highly fragmented $370 billion domestic market. It distributes roughly 500,000 food and nonfood products to restaurants (62% of fiscal 2024 revenue), education and government buildings (7%), travel and leisure (6%), healthcare facilities (7%), and other locations (18%) where individuals consume away-from-home meals. In fiscal 2024, 70% of the firm’s revenue was derived from its US foodservice operations, while its international (18%), quick-service logistics (10%), and other (2%) segments contributed the rest.",2025-04-29T22:46:09Z
Which Stocks Are Showing Rising Relative Strength?,How can you spot the best stocks to watch — and weed out the laggards? Start by checking IBD's exclusive Relative Strength (RS) Rating. This telltale metric can help you spot the best stocks to buy and watch in the early stages of a big move.,2025-04-28T15:00:35Z
BFS names new chief information and technology officer,Mark Holloway was most recently a founder member and chief technology officer at digital start-up Ashman.,2025-04-28T14:53:43Z
Retail traders should consider more conservative investments: Wall Street veteran,The average investor needs to be mindful of fundamental risks to companies amid the Trump trade war.,2025-04-28T15:00:09Z
Stock Market Holidays 2025: When Does Wall Street Close For Memorial Day?,"Take a look at this list of stock market holidays in 2025 to find out whether the market will be open on days like Labor Day, Black Friday, Christmas Eve and more.",2025-04-28T14:48:54Z
Palo Alto Networks Acquires Startup Protect AI As RSA Conference Kicks Off,Cybersecurity stocks have generally outperformed in 2025. Palo Alto Networks acquired startup Protect AI as RSA conference kicked off.,2025-04-28T15:04:46Z
Analyst Report: Visa Inc.,"Visa is the largest payment processor in the world. In fiscal 2023, it processed almost $15 trillion in total volume. Visa operates in over 200 countries and processes transactions in over 160 currencies. Its systems are capable of processing over 65,000 transactions per second.",2025-04-29T22:31:23Z
Apple Earnings Are Overshadowed by Tariffs. Reasons the Stock Can Still Deliver.,"The shares could still be a good bet despite the threat of levies on imported smartphones, according to J.P. Morgan.",2025-04-28T14:43:00Z
Perfios acquires IHX to strengthen health insurance claims processing in India,"IHX connects healthcare providers and payers, supporting digital integration across the industry.",2025-04-28T14:54:53Z
The Stock Market Gets Complacent About a ‘Trump Put’ Again — Heard on the Street,"For a while, the theory that Donald Trump would avoid doing anything that tanked the stock market—named the “Trump put” after an options contract that can protect traders from downside losses—seemed to have failed catastrophically.  The S&P 500 has gained about 7% over the past week, recovering from a big plunge earlier in April, and is once again trading at a forward price-earnings ratio of above 20.  What gives them relief above all, however, is that Trump no longer appears impervious to turmoil on Wall Street.",2025-04-28T15:12:56Z
Jim Cramer Says Meta Platforms (META) is the ‘Cheapest’,"We recently published a list of 10 Stocks Everyone’s Talking About as Trump Softens His Tone on China. In this article, we are going to take a look at where Meta Platforms (NASDAQ:META) stands against other stocks everyone’s talking about as Trump softens his tone on China. Investors are desperately looking for signs of a […]",2025-04-28T15:14:51Z
Money Manager Says He’s Buying Microsoft (MSFT) Because ‘Nothing Fundamentally’ Changed for the Company,"We recently published a list of 10 Stocks Everyone’s Talking About as Trump Softens His Tone on China. In this article, we are going to take a look at where Microsoft Corp (NASDAQ:MSFT) stands against other stocks everyone’s talking about as Trump softens his tone on China. Investors are desperately looking for signs of a […]",2025-04-28T15:15:08Z
"Analyst Report: Banco Bilbao Vizcaya Argentaria, S.A.","Despite its Spanish origins, BBVA generates only around a quarter of its profits in Spain. We expect that on a normalised basis, BBVA's market-leading Mexican bank should contribute half of its earnings, while its Turkish operation should account for another 15%. The balance of BBVA's earnings comes from smaller operations in South America. BBVA is overwhelmingly a retail and commercial bank, with corporate and investment banking forming a minor part of the overall business. BBVA also offers insurance and investment products through its banking networks.",2025-04-29T21:57:14Z
Jim Cramer Says You Should Stay Away from Rivian Automotive Inc (NASDAQ:RIVN)- Calls It ‘Horrible’,"We recently published a list of Top 10 Buzzing Stocks You Should Watch Today. In this article, we are going to take a look at where Rivian Automotive Inc (NASDAQ:RIVN). stands against other top buzzing stocks you should watch today. Jim Cramer in a recent program on CNBC expressed surprise that the Republican administration could […]",2025-04-28T15:15:21Z
DHL resumes global shipments of packages worth over $800 to US customers,DHL Express is restarting global shipments valued at more than $800 to consumers in the U.S.. The move comes about a week after it put a temporary pause on them.,2025-04-28T14:57:02Z
Jim Cramer Says Honeywell International (HON) is ‘Dramatically Undervalued’,"We recently published a list of Top 10 Buzzing Stocks You Should Watch Today. In this article, we are going to take a look at where Honeywell International Inc (NASDAQ:HON) stands against other top buzzing stocks you should watch today. Jim Cramer in a recent program on CNBC expressed surprise that the Republican administration could […]",2025-04-28T15:15:51Z
Jim Cramer Says Estee Lauder Companies (EL) One of the ‘Worst’ Companies I’ve Ever Invested In’,"We recently published a list of Top 10 Buzzing Stocks You Should Watch Today. In this article, we are going to take a look at where Estee Lauder Companies Inc (NYSE:EL) stands against other top buzzing stocks you should watch today. Jim Cramer in a recent program on CNBC expressed surprise that the Republican administration […]",2025-04-28T15:15:40Z
"Woodside in talks to sell Louisiana LNG stake to Kuwait Petroleum unit, Bloomberg News reports","The overseas unit, Kuwait Foreign Petroleum Exploration, is also considering securing LNG supply from the project, the report said, adding that other companies are also interested for both equity and LNG supply.  Both Kuwait Foreign Petroleum Exploration and Woodside Energy did not immediately respond to Reuters requests for comment.",2025-04-28T15:16:37Z
Analyst Report: Entergy Corporation,"Entergy is a holding company with five regulated integrated utilities that generate and distribute electricity to about 3 million customers in Arkansas, Louisiana, Mississippi, and Texas. It is one of the largest power producers in the country with 24 gigawatts of rate-regulated owned and leased power generation capacity. Entergy was the second-largest nuclear owner in the US before it began retiring and selling its plants in the Northeast in 2014. It plans to sell its two small gas utilities in Louisiana.",2025-04-29T20:30:24Z
Is The York Water Company (YORW) Among the Most Profitable Utility Stocks to Buy Now?,"We recently published a list of 10 Most Profitable Utility Stocks to Buy Now. In this article, we are going to take a look at where The York Water Company (NASDAQ:YORW) stands against other most profitable Utility stocks to buy now. Utility companies supply basic utilities like water, gas, and electricity. The demand for these […]",2025-04-28T15:17:29Z
Skanska signs $39.2m contract to construct Karlgårdsbron bridge in Sweden,The company's current contract has been expanded to include a new contract for the bridge's production phase.,2025-04-28T15:01:16Z
"Is Essential Utilities, Inc. (WTRG) Among the Most Profitable Utility Stocks to Buy Now?","We recently published a list of 10 Most Profitable Utility Stocks to Buy Now. In this article, we are going to take a look at where Essential Utilities, Inc. (NYSE:WTRG) stands against other most profitable Utility stocks to buy now. Utility companies supply basic utilities like water, gas, and electricity. The demand for these stocks’ […]",2025-04-28T15:17:17Z
Is Sempra (SRE) Among the Most Profitable Utility Stocks to Buy Now?,"We recently published a list of 10 Most Profitable Utility Stocks to Buy Now. In this article, we are going to take a look at where Sempra (NYSE:SRE) stands against other most profitable Utility stocks to buy now. Utility companies supply basic utilities like water, gas, and electricity. The demand for these stocks’ services is often […]",2025-04-28T15:17:39Z
Is Centrais Elétricas Brasileiras S.A. – Eletrobrás (EBR) Among the Most Profitable Utility Stocks to Buy Now?,"We recently published a list of 10 Most Profitable Utility Stocks to Buy Now. In this article, we are going to take a look at where Centrais Elétricas Brasileiras S.A. – Eletrobrás (NYSE:EBR) stands against other most profitable Utility stocks to buy now. Utility companies supply basic utilities like water, gas, and electricity. The demand […]",2025-04-28T15:17:55Z
Analyst Report: S&P Global Inc.,"S&P Global provides data and benchmarks to capital and commodity market participants. Its ratings business is the largest credit rating agency in the world and S&P's largest segment by profitability. S&P's largest segment by revenue is market intelligence, which provides desktop, data and advisory solutions, enterprise solutions, and credit/risk solutions mostly in the financial-services industry. S&P's other segments include commodity insights (Platts and other data), mobility (Carfax), and indexes.",2025-04-29T20:28:32Z
"IBM Pledges $150 Billion U.S. Investment, Including Quantum Push","IBM said Monday that it will invest $150 billion in the U.S. over the next five years, including for quantum computing.",2025-04-28T14:39:32Z
Jeff Bezos Owns These 4 Stocks — Are They Worth a Spot in Your Portfolio in 2025?,"As an entrepreneur billionaire, Amazon founder Jeff Bezos occupies rare air. And Amazon is not his only visionary investment. He's been an early believer -- and investor -- in some major successes,...",2025-04-28T15:02:25Z
"Is NextEra Energy, Inc. (NEE) Among the Most Profitable Utility Stocks to Buy Now?","We recently published a list of 10 Most Profitable Utility Stocks to Buy Now. In this article, we are going to take a look at where NextEra Energy, Inc. (NYSE:NEE) stands against other most profitable Utility stocks to buy now. Utility companies supply basic utilities like water, gas, and electricity. The demand for these stocks’ […]",2025-04-28T15:18:16Z
Is Middlesex Water Company (MSEX) Among the Most Profitable Utility Stocks to Buy Now?,"We recently published a list of 10 Most Profitable Utility Stocks to Buy Now. In this article, we are going to take a look at where Middlesex Water Company (NASDAQ:MSEX) stands against other most profitable Utility stocks to buy now. Utility companies supply basic utilities like water, gas, and electricity. The demand for these stocks’ services […]",2025-04-28T15:18:06Z
"Is American Water Works Company, Inc. (AWK) Among the Most Profitable Utility Stocks to Buy Now?","We recently published a list of 10 Most Profitable Utility Stocks to Buy Now. In this article, we are going to take a look at where American Water Works Company, Inc. (NYSE:AWK) stands against other most profitable Utility stocks to buy now. Utility companies supply basic utilities like water, gas, and electricity. The demand for […]",2025-04-28T15:18:25Z
"Analyst Report: Crown Holdings, Inc.","Crown Holdings is one of the world's largest producers of metal packaging. The company manufactures beverage cans, metal food cans, and closures as well as aerosol cans. With the purchase of Signode, the company also has a presence in a wide variety of protective transport packaging. Although it's headquartered in the United States, the vast majority of Crown's sales come from its operations in Europe, South America, and Southeast Asia.",2025-04-29T19:18:54Z
Is Atmos Energy Corporation (ATO) Among the Most Profitable Utility Stocks to Buy Now?,"We recently published a list of 10 Most Profitable Utility Stocks to Buy Now. In this article, we are going to take a look at where Atmos Energy Corporation (NYSE:ATO) stands against other most profitable Utility stocks to buy now. Utility companies supply basic utilities like water, gas, and electricity. The demand for these stocks’ […]",2025-04-28T15:18:36Z
Leaving the US? Experts Explain Whether It’s a Good Financial Move To Keep or Sell Your House,"While the number of people moving out of the U.S. remains relatively small, interest in becoming an expat has been high for many Americans lately. A survey by HireAHelper found that 1 in 10 Americans...",2025-04-28T15:02:05Z
Is Consolidated Water Co. Ltd. (CWCO) Among the Most Profitable Utility Stocks to Buy Now?,"We recently published a list of 10 Most Profitable Utility Stocks to Buy Now. In this article, we are going to take a look at where Consolidated Water Co. Ltd. (NASDAQ:CWCO) stands against other most profitable Utility stocks to buy now. Utility companies supply basic utilities like water, gas, and electricity. The demand for these […]",2025-04-28T15:18:46Z
Is Carpenter Technology Corporation (CRS) Among the Best Nickel Stocks to Buy According to Hedge Funds?,"We recently compiled a list of the 12 Best Nickel Stocks to Buy According to Hedge Funds. In this article, we are going to take a look at where Carpenter Technology Corporation (NYSE:CRS) stands against the other nickel stocks. Nickel is a metal that is used extensively in manufacturing. It is a key component of stainless […]",2025-04-28T15:19:05Z
Is ATI Inc. (ATI) Among the Best Nickel Stocks to Buy According to Hedge Funds?,"We recently compiled a list of the 12 Best Nickel Stocks to Buy According to Hedge Funds. In this article, we are going to take a look at where ATI Inc. (NYSE:ATI) stands against the other nickel stocks. Nickel is a metal that is used extensively in manufacturing. It is a key component of stainless steel […]",2025-04-28T15:19:19Z
Analyst Report: Ecolab Inc.,"Ecolab produces and markets cleaning and sanitation products for the industrial manufacturing, hospitality, healthcare, and life sciences markets. The firm is the global market share leader in this category with a wide array of products and services, including dish and laundry washing systems, pest control, and infection control products. Additionally, Ecolab sells customized water management solutions across its end markets. The company has a strong hold on the US market and is growing its presence abroad.",2025-04-29T19:10:30Z
Is Rio Tinto Group (RIO) Among the Best Nickel Stocks to Buy According to Hedge Funds?,"We recently compiled a list of the 12 Best Nickel Stocks to Buy According to Hedge Funds. In this article, we are going to take a look at where Rio Tinto Group (NYSE:RIO) stands against the other nickel stocks. Nickel is a metal that is used extensively in manufacturing. It is a key component of stainless […]",2025-04-28T15:19:29Z
Galahad Risk to address cyber risk with CyberCube tech,Galahad will use CyberCube’s solutions to enable its clients to quantify the potential financial impact of a cyber event.,2025-04-28T15:02:36Z
Is Vale S.A. (VALE) Among the Best Nickel Stocks to Buy According to Hedge Funds?,"We recently compiled a list of the 12 Best Nickel Stocks to Buy According to Hedge Funds. In this article, we are going to take a look at where Vale S.A. (NYSE:VALE) stands against the other nickel stocks. Nickel is a metal that is used extensively in manufacturing. It is a key component of stainless steel […]",2025-04-28T15:19:41Z
"Is Leggett & Platt, Incorporated (LEG) Among the Best Nickel Stocks to Buy According to Hedge Funds?","We recently compiled a list of the 12 Best Nickel Stocks to Buy According to Hedge Funds. In this article, we are going to take a look at where Leggett & Platt, Incorporated (NYSE:LEG) stands against the other nickel stocks. Nickel is a metal that is used extensively in manufacturing. It is a key component of […]",2025-04-28T15:19:52Z
Is BHP Group Limited (BHP) Among the Best Nickel Stocks to Buy According to Hedge Funds?,"We recently compiled a list of the 12 Best Nickel Stocks to Buy According to Hedge Funds. In this article, we are going to take a look at where BHP Group Limited (NYSE:BHP) stands against the other nickel stocks. Nickel is a metal that is used extensively in manufacturing. It is a key component of stainless […]",2025-04-28T15:20:02Z
Analyst Report: Spotify Technology S.A.,"Spotify is the leading global music streaming service provider, with nearly 700 million monthly active users and over 250 million paying subscribers, with the latter constituting the firm’s premium segment. Most of the firm’s revenue and nearly all its gross profit come from the subscribers, who pay a monthly fee to access a music library that consists of most of the most popular songs ever recorded, including all from the major record labels. The firm also sells separate audiobook subscriptions and integrates podcasts within its standard music app. Podcast content is not exclusive and is typically free to access on other platforms. Ad-supported users can access a similar music catalog but cannot customize a similar on-demand experience.",2025-04-29T19:10:08Z
Jim Cramer Says Trump Administration Should Intervene in Johnson & Johnson (JNJ) Legal Issues – ‘Where Are Capitalist Instincts Here?’,"We recently published a list of Top 10 Stocks to Watch as Investors Brace for Recession. In this article, we are going to take a look at where Johnson & Johnson (NYSE:JNJ) stands against other top stocks to watch as investors brace for recession. Despite some optimism in the market after President Donald Trump’s indication […]",2025-04-28T15:20:11Z
Warren Buffett is entitled to gloat a little,Berkshire Hathaway shares have more-than-handled the 2025 market rout and can plan its next big move.,2025-04-28T15:07:00Z
Cramer Says “Keep It” – RTX Corporation (RTX) Still Has Room to Fly,"We recently published a list of 10 Stocks on Jim Cramer’s Radar These Days. In this article, we are going to take a look at where Rtx Corporation (NYSE:RTX) stands against other stocks on Jim Cramer’s radar. Jim Cramer in a latest program on CNBC talked about the latest trends in the AI data center […]",2025-04-28T15:20:33Z
Albemarle (ALB) Gets a Red Light from Jim Cramer,"We recently published a list of 10 Stocks on Jim Cramer’s Radar These Days. In this article, we are going to take a look at where Albemarle Corporation (NYSE:ALB) stands against other stocks on Jim Cramer’s radar. Jim Cramer in a latest program on CNBC talked about the latest trends in the AI data center […]",2025-04-28T15:20:23Z
Mass layoffs in trucking and retail coming – Apollo,Apollo Global Management has a grim warning for the trucking industry: a recession is coming and mass layoffs will come with it. The post Mass layoffs in trucking and retail coming – Apollo appeared first on FreightWaves.,2025-04-28T15:20:43Z
Analyst Report: General Motors Company,"General Motors Co. emerged from the bankruptcy of General Motors Corp. (old GM) in July 2009. GM has eight brands and operates under three segments: GM North America, GM International, and GM Financial. The United States now has four brands instead of eight under old GM. The company regained its US market share leadership in 2022, after losing it to Toyota due to the chip shortage in 2021. 2024's share was 17.0%. The Cruise autonomous vehicle arm, which GM now owns outright, previously operated driverless geofenced AV robotaxi services in San Francisco and other cities, but after a 2023 accident, GM decided that it will focus on personal AVs. GM Financial became the company's captive finance arm in 2010 via the purchase of AmeriCredit.",2025-04-29T18:55:17Z
Jim Cramer on GE Vernova (GEV): “I’m High on GE Vernova”,"We recently published a list of 10 Stocks on Jim Cramer’s Radar These Days. In this article, we are going to take a look at where GE Vernova Inc. (NYSE:GEV) stands against other stocks on Jim Cramer’s radar. Jim Cramer in a latest program on CNBC talked about the latest trends in the AI data […]",2025-04-28T15:20:41Z
Biotech Firm Revvity Reports Better-Than-Expected Earnings,Revvity reported first-quarter earnings that topped analysts' estimates.,2025-04-28T14:47:29Z
Money Manager Says He’s Buying Amazon.com (AMZN)- ‘Nothing Fundamentally’ Changed,"We recently published a list of 10 Stocks Everyone’s Talking About as Trump Softens His Tone on China. In this article, we are going to take a look at where Amazon.com Inc (NASDAQ:AMZN) stands against other stocks everyone’s talking about as Trump softens his tone on China. Investors are desperately looking for signs of a […]",2025-04-28T15:21:05Z
"Jim Cramer Having Second Thoughts on His ‘Own, Don’t Trade’ Apple (AAPL) Mantra","We recently published a list of Top 10 Buzzing Stocks You Should Watch Today. In this article, we are going to take a look at where Apple Inc (NASDAQ:AAPL). stands against other top buzzing stocks you should watch today. Jim Cramer in a recent program on CNBC expressed surprise that the Republican administration could be […]",2025-04-28T15:22:36Z
Jim Cramer Says UnitedHealth Group (UNH) is the ‘Best’ Insurance Stock to Buy,"We recently published a list of 10 Stocks to Watch as Trade Wars Begin. In this article, we are going to take a look at where UnitedHealth Group Inc (NYSE:UNH) stands against other stocks to watch as trade wars begin. Bill Strazzullo, Bell Curve Trading chief market strategist, said in a latest program on CNBC […]",2025-04-28T15:22:46Z
Analyst Report: Pfizer Inc.,"Pfizer is one of the world's largest pharmaceutical firms, with annual sales close to $50 billion (excluding covid-19-related product sales). While it historically sold many types of healthcare products and chemicals, now prescription drugs and vaccines account for the majority of sales. Top sellers include pneumococcal vaccine Prevnar 13, cancer drug Ibrance, and cardiovascular treatment Eliquis. Pfizer sells these products globally, with international sales representing close to 50% of total sales. Within international sales, emerging markets are a major contributor.",2025-04-29T18:33:21Z
Analyst Says Tesla (TSLA) ‘May Not Have Hit Rock Bottom Yet’,"We recently published a list of Top 10 Buzzing Stocks You Should Watch Today. In this article, we are going to take a look at where Tesla Inc (NASDAQ:TSLA) stands against other top buzzing stocks you should watch today. Jim Cramer in a recent program on CNBC expressed surprise that the Republican administration could be […]",2025-04-28T15:23:05Z
Americans Spend Nearly $25k A Year On Household Bills — Here’s How They Break Down,"One of the most important parts of personal finance is setting a monthly budget and sticking to it. Ideally, you'll budget in such a way that you can put 15% to 20% of your income toward savings after...",2025-04-28T15:03:41Z
"XRP Soars, Beating Bitcoin. Here’s Why and What Else Is Driving Cryptos Today.","XRP gained ground, supported by three new exchange-traded funds that will offer more ways to make money on the token.  XRP  the cryptocurrency used to facilitate transactions on Ripple’s payment platform, is up 6.2% over the past 24 hours at $2.32, according to CoinDesk data.  ProShares Trust, an exchange-traded funds issuer, filed a prospectus with the Securities and Exchange Commission in January for three leveraged funds that will track the price of the XRP token through futures.",2025-04-28T15:24:00Z
Analyst Says Hyperscalers Won’t Stop Spending on NVIDIA (NVDA) Chips ‘No Matter What’,"We recently published a list of Top 10 Stocks to Watch as Investors Brace for Recession. In this article, we are going to take a look at where NVIDIA Corp (NASDAQ:NVDA) stands against other top stocks to watch as investors brace for recession. Despite some optimism in the market after President Donald Trump’s indication of […]",2025-04-28T15:25:29Z
Jim Cramer Says AT&T (T) Has The ‘Best Chart’,"We recently published a list of 10 Stocks to Watch as Trade Wars Begin. In this article, we are going to take a look at where AT&T Inc. (NYSE:T) stands against other stocks to watch as trade wars begin. Bill Strazzullo, Bell Curve Trading chief market strategist, said in a latest program on CNBC that […]",2025-04-28T15:25:10Z
Analyst Report: Crane Company,"Crane is a diversified industrial firm that manufactures a broad range of products, including valves, pumps, aerospace components, and fiberglass-reinforced plastic panels. Its business is organized into two segments: aerospace and electronics, and process flow technologies. Crane generated approximately $2.1 billion in revenue in 2024.",2025-04-29T17:41:52Z
"Jim Cramer Says Boeing (BA) a ‘Tough’ Stock to Own, Recommends ‘Other Ways to Play’ Aerospace","We recently published a list of Top 10 Stocks to Watch as Investors Brace for Recession. In this article, we are going to take a look at where Boeing Co (NYSE:BA) stands against other top stocks to watch as investors brace for recession. Despite some optimism in the market after President Donald Trump’s indication of […]",2025-04-28T15:26:19Z
Vertu Motors partners with Solera cap hpi to boost digital integration,Solera cap hpi will supply its HPI Check provenance data to Vertu Motors through a shared risk commercial model.,2025-04-28T14:47:37Z
How long does it take for my credit card payment to post?,Credit card payment processing tends to pass in just a few days.,2025-04-28T15:26:27Z
Is Vistra Corp. (VST) the Best Nuclear Energy Stock to Buy According to Billionaires?,"We recently published a list of the 10 Best Nuclear Energy Stocks to Buy According to Billionaires. In this article, we are going to take a look at where Vistra Corp. (NYSE:VST) stands against other best nuclear stocks. Nuclear power now provides just under 10% of the global electricity supply, becoming the second-largest source of […]",2025-04-28T15:26:43Z
"Expedia Restructures Product and Tech Teams, Will Lay Off 3% of Workforce",Expedia is trying to get the right blend of layoffs and hirings to get its operations moving — fast.,2025-04-28T15:30:00Z
Analyst Report: The Sherwin-Williams Company,"Sherwin-Williams is the largest provider of architectural paint in the United States. The company has over 5,000 stores and sells premium paint at higher price points than most competitors. Sherwin-Williams also sells paint-related products in big-box stores and provides coatings for original equipment manufacturers.",2025-04-29T17:41:12Z
Tech Stocks Dragging to Start Key Earnings Week,"Technology stocks were a big drag on the S&P 500 to start the day on Monday. The market benchmark was down 0.6% after hovering around breakeven for much of the morning, but more than half of the stocks in the index were actually trading higher.",2025-04-28T15:39:51Z
Why Viking Therapeutics Stock Popped Today,2025 is the year we learn whether Viking Therapeutics stock will be a winner.,2025-04-28T15:06:58Z
Amphenol Stock Nears Buy Point After Earnings Jump,"Amphenol stock is nearing the buy point of a cup base, as the fiber-optics and electronic-parts  maker got a lift following last week's earnings report.  Amphenol makes connector system solutions and electronic parts used for fiber optics, harsh environments, high-speed interconnectivity and power products.  Amphenol stock is also on the IBD 50, Big Cap 20 and  MarketSurge 250 lists.",2025-04-28T15:44:24Z
Sabre Strikes $1.1 Billion Deal to Sell Hospitality Solutions Business to TPG; Sabre's Stock Jumps,Sabre (SABR) agreed to sell its hospitality solutions business to alternative asset management firm,2025-04-28T15:48:43Z
"A slight sell-off by foreign investors could rock the US stock market, says veteran strategist","The conditions remain in place for another downdraft in the stock market, former Bridgewater CIO Rebecca Patterson warns.",2025-04-28T13:11:56Z
Analyst Report: Phillips 66,"Phillips 66 is a downstream energy company with assets in five segments: Refining, Marketing & Specialties, Chemicals, Midstream, and Renewable Fuels. Its Refining and Marketing operations include 12 refineries with net crude capacity of 2.2 million barrels per day. Its Chemicals operations are conducted through a 50% interest in CP Chem, which has more than 33 billion pounds of net annual processing capacity. Midstream operations are conducted through DCP Midstream and through the company's controlling stake in Phillips 66 Partners. Phillips 66 began trading on the NYSE on May 1, 2012 and is currently a component of the S&P 500 index. The company employs approximately 13,200 people.",2025-04-29T17:00:45Z
Tariff Uncertainty Hangs Over Amazon With Q1 Report Due Soon,Wall Street appears mostly confident that Amazon can hit its marks for its first-quarter results due Thursday.  The trickier question for Amazon stock is what comes after that.  Analysts are sizing up how and when Amazon's massive digital storefront could feel the hit of the U.S. and China trade war.,2025-04-28T15:52:59Z
Starbucks union votes down 2% raise offer amid bargain talks,The proposal has been turned down by 81% of the 490 baristas representing more than 550 unionised stores.,2025-04-28T15:12:03Z
Healthcare stocks: No longer a safe space for investors?,"Healthcare used to be considered a safe, constant growth sector, weighted heavily in some 401(k)s. But it isn't immune to current market volatility.",2025-04-28T15:59:09Z
"Biggest risk to markets is a fragmented world, says Norway wealth fund CEO","OSLO (Reuters) -The world economy appears to be fragmenting, posing the biggest risk to markets currently as it brings low growth and higher inflation, the CEO of Norway's $1.8 trillion sovereign wealth fund told Reuters.  The fund, which invests the Norwegian state's revenues from oil and gas production, is the largest of its type and one of the world's biggest investors, owning on average 1.5% of all listed stocks and across some 9,000 companies globally.  Asked what the biggest risk to financial markets today was, Nicolai Tangen, CEO of the fund's operator Norges Bank Investment Management (NBIM), said it was decoupling, and referred to one of the fund's stress-test scenarios that sees a fragmented world economy.",2025-04-28T16:01:42Z
"Red Cat Holdings, Inc. (RCAT): A Bull Case Theory","We came across a bullish thesis on Red Cat Holdings, Inc. (RCAT) on Substack by Industrial Tech Stock Analyst. In this article, we will summarize the bulls’ thesis on RCAT. Red Cat Holdings, Inc. (RCAT)’s share was trading at $5.28 as of April 24th. RCAT’s trailing P/E was 1.12 according to Yahoo Finance. Red Cat (RCAT) recently […]",2025-04-28T16:24:39Z
"Analyst Report: Brown & Brown, Inc.","Brown & Brown Inc. sells property and casualty policies to individual and corporate customers. The company's property insurance policies protect against physical damage to property and disruptions to businesses caused by internal explosion, windstorm, fire, and riot or civil commotion. Casualty insurance includes bodily injury, legal liabilities, commercial and automobile insurance, and protects businesses from employee fraud (fidelity) and assures work will be completed (surety). The company's headquarters are in Daytona Beach, Florida.",2025-04-29T17:00:45Z
The Stock-Market Winners of Trump 2.0,"Only one group of stocks has come out on top in Donald Trump’s second term. The S&P 500 Consumer Staples sector is the only sector in the major index that has risen since Inauguration Day, according to FactSet and Dow Jones Market Data.",2025-04-28T16:29:01Z
Stora Enso reports 9.1% sales increase in Q1 FY25,The company's operating result witnessed an increase of 21.7% during the quarter.,2025-04-28T14:42:13Z
‘No way’ US can recoup lost China container imports: Analyst,President Trump’s China trade embargo is projected to devastate containerized shipments moving through U.S. ports. The post ‘No way’ US can recoup lost China container imports: Analyst appeared first on FreightWaves.,2025-04-28T13:46:34Z
Health Care Roundup: Market Talk,"Find insight on Merck KGaA, ResMed and more in the latest Market Talks covering the Health Care sector.",2025-04-28T16:33:00Z
"Tesla, Inc. (TSLA): A Bull Case Theory","We came across a bullish thesis on Tesla, Inc. (TSLA) on Substack by Antonio Linares. In this article, we will summarize the bulls’ thesis on TSLA. Tesla, Inc. (TSLA)’s share was trading at $259.51 as of Aprikl 24th. TSLA’s trailing and forward P/E were 148.29 and 107.53 respectively according to Yahoo Finance. Tesla’s Q1 2025 results reflect […]",2025-04-28T16:33:52Z
Analyst Report: Schlumberger Ltd.,"SLB is one of the world's leading oilfield services companies, supplying technology, information solutions, and integrated project management services that optimize reservoir performance. It employs approximately 82,000 people in more than 100 countries. SLB supplies a wide range of products and services, including seismic testing; formation evaluation; well testing and directional drilling; well cementing and stimulation; artificial lift and well completions; and consulting, software, and information management. It operates in nearly all major oilfield services markets, and typically generates higher returns on investment than peers. In 2024, the company generated 19% of its revenue from the U.S. and 81% from international markets. Additionally, the company is a component of the S&P 500 index and employs approximately 110,000 people.",2025-04-29T17:00:45Z
Passbook loans: Paying to borrow your own money,"If you’re looking for a low-cost loan, ask your bank if it offers passbook loans.",2025-04-28T16:34:31Z
MGM Resorts International Stock Rises on Strong Q1 BetMGM Results,MGM Resorts International said BetMGM's Online Sports and iGaming revenue soared in the first quarter.,2025-04-28T15:16:22Z
Lockheed Martin Corporation (LMT): A Bull Case Theory,"We came across a bullish thesis on Lockheed Martin Corporation (LMT) on Substack by Steve Wagner. In this article, we will summarize the bulls’ thesis on LMT. Lockheed Martin Corporation (LMT)’s share was trading at $466.81 as of April 24th. LMT’s trailing and forward P/E were 20.12 and 17.15 respectively according to Yahoo Finance. Lockheed Martin (LMT) […]",2025-04-28T16:34:40Z
"Cal-Maine Foods, Inc. (CALM): A Bull Case Theory","We came across a bullish thesis on Cal-Maine Foods, Inc. (CALM) on Substack by Charly AI. In this article, we will summarize the bulls’ thesis on CALM. Cal-Maine Foods, Inc. (CALM)’s share was trading at $92.68 as of April 24th. CALM’s trailing P/E was 4.58 according to Yahoo Finance. Cal-Maine Foods (CALM) has delivered exceptional growth, driven […]",2025-04-28T16:35:22Z
"PriceSmart, Inc. (PSMT): A Bull Case Theory","We came across a bullish thesis on PriceSmart, Inc. (PSMT) on Substack by Charly AI. In this article, we will summarize the bulls’ thesis on PSMT. PriceSmart, Inc. (PSMT)’s share was trading at $101.71 as of April 24th. PSMT’s trailing P/E was 21.69 according to Yahoo Finance. PriceSmart (PSMT) presents a compelling investment opportunity grounded in consistent […]",2025-04-28T16:35:55Z
Analyst Report: Banco de Chile,"Operating under three separate brand names (Banco de Chile, Banco Edwards-Citi, and Banco CrediChile) Banco de Chile is the second largest in the country by loans and third largest by deposits. Banco de Chile generates most of its net interest income (roughly 60% of total revenue) from its mortgage, unsecured consumer credit lines, and commercial loans, with 25% of its outstanding loans being made to firms with more than 10,000 million CLP in revenue. Outside of its banking business, Banco de Chile is the largest asset manager in the country and one of the largest security brokerages, supporting its substantial fee-based revenue.",2025-04-29T16:46:28Z
"Skechers U.S.A., Inc. (SKX): A Bear Case Theory","We came across a bearish thesis on Skechers U.S.A., Inc. (SKX) on wallstreetbets Subreddit Page by Traditional-Year3847. In this article, we will summarize the bears’ thesis on SKX. Skechers U.S.A., Inc. (SKX)’s share was trading at $50.49 as of April 24th. SKX’s trailing and forward P/E were 12.14 and 12.21 respectively according to Yahoo Finance. Skechers’ Q1 […]",2025-04-28T16:36:05Z
"Phixius, Kinexys Liink partner to bolster account validation processes","Under the partnership, Phixius will be the key US payment network Responder for Kinexys Liink.",2025-04-28T14:40:20Z
Materialise NV (MTLS): A Bull Case Theory,"We came across a bullish thesis on Materialise NV (MTLS) on Substack by Industrial Tech Stock Analyst. In this article, we will summarize the bulls’ thesis on MTLS. Materialise NV (MTLS)’s share was trading at $5.29 as of April 24th. MTLS’s trailing P/E was 20.31 according to Yahoo Finance. Materialise (MTLS) delivered a strong 1Q25 performance, with […]",2025-04-28T16:36:25Z
"Landstar quantifies suspected fraud event, delays Q1 report","Broker Landstar System has delayed its first-quarter report as it further investigates what it says was fraud tied to an independent agent working under its freight forwarding operation. The post Landstar quantifies suspected fraud event, delays Q1 report appeared first on FreightWaves.",2025-04-28T16:44:13Z
How a railway’s data needs change throughout its life cycle,"James McLaughlin, senior business development manager for rail survey at Fugro, on the benefits of train-borne survey technology",2025-04-28T15:23:11Z
"Texas Manufacturing Contraction Deepens as Uncertainty Rises, Dallas Fed Says","The Texas manufacturing sector's contraction worsened this month to its lowest level since May 2020,",2025-04-28T16:44:31Z
Is NVIDIA Corporation (NVDA) the Most Profitable Blue Chip Stock to Buy Now?,"We recently published a list of 10 Most Profitable Blue Chip Stocks to Buy Now. In this article, we are going to take a look at where NVIDIA Corporation (NASDAQ:NVDA) stands against other most profitable blue chip stocks to buy now. Blue chip stocks are large, financially stable companies with strong market presence, consistent profitability, and […]",2025-04-28T16:48:21Z
Hundreds of auto workers temporarily laid off by GM and Stellantis — how to cope when you’re furloughed,U.S. 25% tariffs on imported auto parts will also kick in May 3.,2025-04-28T16:55:00Z
India's Adani Green says independent review on US indictment found no irregularities,"In November, U.S. authorities indicted Gautam Adani, his nephew and Executive Director Sagar Adani and Managing Director Vneet S. Jaain, alleging that they paid bribes to secure Indian power supply contracts and misled U.S. investors during fund raises.  The Adani Group has denied the charges, calling them ""baseless.""",2025-04-28T16:55:41Z
Ryan’s RT Specialty unveils public entity casualty programme,The RSPE programme provides liability coverage with limits of up to $5m per occurrence.,2025-04-28T15:25:34Z
Jim Cramer Explains Why He’s ‘Concerned’ About PepsiCo (PEP),"We recently published a list of 10 Stocks Analysts are Talking About Amid Trump’s Tariff War. In this article, we are going to take a look at where PepsiCo Inc (NASDAQ:PEP) stands against other stocks analysts are talking about amid Trump’s tariff war. Markets saw some glimmer of hope as President Donald Trump indicated that […]",2025-04-28T16:56:36Z
Buy the Stocks of Pinterest and 5 Other Companies That Are Buying Back Shares,"Steady stock repurchases are an indicator of management confidence. Pinterest, Devon, AES, Trex, Bank of America, and Enphase are all scooping up shares.",2025-04-28T16:57:00Z
"Boeing (BA) Is Upgraded by Bernstein, Well-Known Investor Is Still Bullish on the Name","Boeing (BA) was upgraded today by wealth-management firm Bernstein, and renowned investor Stephanie Link remains bullish on BA after the company reported its first-quarter financial results recently. Link, the Chief Investment Strategist of Hightower Advisors, also noted that she has been buying Meta (META) stock over the last month. Link was speaking on CNBC today. […]",2025-04-28T16:58:29Z
Investment Bank Believes That Palantir (PLTR) Stock Is “Likely” to Retest Highs,"In a note circulated last week, investment bank Piper Sandler contended that Palantir (PLTR) stock would probably retest its February high of almost $125 in the near-to-medium term. Also late week, Palantir disclosed that it had expanded its alliance with Alphabet (GOOG,GOOGL). Why Piper Is So Bullish on PLTR Using technical analysis, Piper noted that […]",2025-04-28T17:01:15Z
Green Tea Group secures HKEX approval for IPO,Green Tea operates 489 restaurants in 24 Chinese cities.,2025-04-28T15:28:31Z
Payday loan consolidation: What it is and how it works,This strategy may help you pay off your debt over time and at a lower interest rate.,2025-04-28T17:03:20Z
Out-of-pocket healthcare: Average costs and how to finance them,"Even with insurance, healthcare events can involve large out-of-pocket costs.",2025-04-28T17:05:38Z
Wells Fargo Clears Another Hurdle as Investors Track Compliance Cleanup,"The Consumer Financial Protection Bureau terminated a WElls Fargo consent order issued in April 2018 for improperly charging some mortgage borrowers and for the way it ran an insurance program for auto loans.  It is the 12th consent order that regulators have closed since 2019.  The CFPB found back in 2018 that Wells Fargo had violated the Consumer Financial Protection Act, and ordered the bank to improve its framework for risk-management compliance.",2025-04-28T17:10:00Z
5 types of emergency loans and their uses,"If saving up isn’t possible, shop around for the emergency loan with the best rate.",2025-04-28T17:11:13Z
Trump’s Desire for Cheap Crude Puts Big Oil’s Plans to Test,"(Bloomberg) -- Big Oil has a powerful ally in the White House, but the first quarter of Donald Trump’s presidency was a real test for companies’ plans. The rest of the year could be even tougher. Most Read from BloombergNewsom Says California Is Now the World’s Fourth-Biggest EconomyNYC’s Congestion Toll Raised $159 Million in the First QuarterNew York City Transit System Chips Away at Subway Fare EvasionAt Bryn Mawr, a Monumental Plaza Traces the Steps of Black HistoryThe Last Thing US Transit",2025-04-28T15:29:54Z
Best S&P 500 stocks for dividend growth,Here are some of the S&P 500’s fastest-growing dividends over the last five and 10 years.,2025-04-28T17:15:50Z
"Clues From Google Earnings With Microsoft, Apple, Amazon Reports On Deck","Last week's Alphabet report, which boosted Google stock, offered clues on what to expect.  Google parent Alphabet on Thursday posted solid results. That boosted Wall Street hopes that the impact of the Trump tariff turmoil may not be that bad, especially for fellow Magnificent Seven companies Amazon, Microsoft, Meta and Apple.",2025-04-28T17:17:33Z
Domino’s CEO Thinks He Can Get a Bigger Slice of the Pizza Pie. How He Plans to Do It.,"Domino’s Pizza can offer “sustained low prices and drive volume” better than its peers, the CEO told Barron’s.",2025-04-28T17:24:00Z
MicroStrategy Buys Even More Bitcoin. The Stock Is Down.,"The company, which does business under the name Strategy, said it had spent $1.42 billion on its latest crypto purchases.",2025-04-28T17:25:00Z
BDO and MVGX launch AI tool to simplify ESG reporting,The platform is said to improve the accuracy of reported data by using automated analysis and organised workflows.,2025-04-28T15:38:22Z
Domino’s Expects Same-Store Sales to Grow in 2025 Despite Persisting Macro Pressures,Domino’s Pizza logged higher profit and revenue in the first quarter as continued growth in international same-store sales offset declines at its U.S. locations.,2025-04-28T17:32:00Z
Stocks Head Lower as Wall Street Digests Recent Run,"A pullback in tech stocks on Monday spread to the broader market in early afternoon trading. The S&P 500 was down 1%, with only 140 stocks in the index rising on the day. The Nasdaq Composite was down 1.",2025-04-28T17:32:10Z
How to save for short-term goals while keeping long-term ones in mind,"Because you’re working within a short time frame—think two to six years—investing for shorter-term goals like buying a house or paying for a wedding should look different from the portfolio you build for retirement.  You should put retirement front and center, especially as you approach your midcareer.  Earlier in your career, you might shift your savings somewhat to shorter-term goals, but retirement should still be part of the equation.",2025-04-28T17:32:48Z
Which credit score do mortgage lenders use?,"Which credit score do mortgage lenders use? Fannie Mae and Freddie Mac use FICO scores to determine borrower eligibility for conforming loans, which make up most mortgages. Mortgage lenders have traditionally [...]",2025-04-28T17:34:38Z
YIT and Pohjola Insurance sign construction deal for business property in Tampere,Construction of the project is anticipated at the beginning of 2026.,2025-04-28T15:38:14Z
"After yield surge, US Treasury expected to keep auction sizes steady","NEW YORK (Reuters) -The U.S. Treasury Department is expected to leave most of its auction sizes unchanged for the fifth straight quarter when it announces its refunding plans on Wednesday, but investors will focus on any clues about increases further down the road, or on the likelihood of a possible near-term cut.  The Treasury said at its refunding in February, the first under Treasury Secretary Scott Bessent, that it expects to keep most of its debt issuance plans unchanged for the next few quarters, surprising some traders who had expected it would flag larger longer-dated auction sizes.  If the Treasury repeats the same guidance, that would indicate confidence that it can continue to rely more on shorter-dated debt to fill any debt needs at least near-term, which would help longer-dated bonds that in early April took the brunt of the “tariff tantrum.”",2025-04-28T17:36:39Z
Apple to report second quarter earnings as tariff uncertainty clouds Big Tech outlook,Apple will report its second quarter earnings after the bell on Thursday. Earnings are expected to be up. The rest of the year? Not so sure.,2025-04-28T17:40:33Z
"Porsche slashes outlook as US tariffs, China slump dim prospects","Porsche's margins plunged in the first quarter, the sportscar maker said on Tuesday, forcing it to cut its outlook due to weakness in its key market China, a slowing shift to electric cars and U.S. tariffs that are disrupting the global car industry.  Like other European carmakers, Porsche has been dealt a severe blow by the tariffs, which are expected to raise car prices by thousands of dollars and rattle an automobile sector already struggling with high costs and intensifying competition.  With no U.S. production, Porsche is heavily exposed and along with a 25% plunge in its share price year-to-date it has suffered a loss of investor confidence since it was listed by majority-owner Volkswagen in 2022.",2025-04-28T17:43:10Z
This Could Be a Lousy Decade for Stocks,"Nominal economic growth (which includes inflation) has been similar during both good and bad decades for stock prices.  By far the two most important factors for stock prices over longer cycles are how much companies earn on those sales—profit margins—and what multiple investors are willing to pay for those earnings.  It also funneled dollars back into the bond market, enabling the low interest rates that allowed American companies and homeowners to borrow cheaply.",2025-04-28T17:43:57Z
SLB reports lower spending by oil producers and impacts from tariffs,"The company's Q1 earnings fell short of expectations, largely due to reduced drilling activity in Mexico.",2025-04-28T15:40:27Z
"S&P 500 Companies' Quarterly Earnings up Nearly 18% so Far, Oppenheimer Says","S&P 500 companies' latest quarterly earnings have so far exceeded market expectations, with earnings",2025-04-28T17:47:15Z
Bitcoin Price Was Unmoved By The New U.S. Crypto Reserve. The Flywheel Effect Could Change That.,The U.S. holds the most bitcoin of any country. President Trump's order establishing a strategic reserve could spark a movement to the cryptocurrency by others. Here's the upshot for prices.,2025-04-28T17:53:22Z
Foreign Stocks Are Beating U.S. Equities. It Isn’t Too Late to Catch the Wave.,Roles have reversed as the U.S. stock market turns in a dismal performance this year while international equities are a bright spot.,2025-04-28T17:57:00Z
Michael Kitces to Next-Gen Advisors: Know the Risks of Employment Agreements,"Those who excel at servicing clients, but dislike business development, could get stuck at one firm.",2025-04-28T18:07:00Z
Veteran fund manager resets stock market forecast after oversold rally,The long-time Wall Street manager has updated his stock market outlook.,2025-04-28T15:49:45Z
Best Fidelity ETFs,Here are some the best-performing Fidelity ETFs to consider adding to your portfolio.,2025-04-28T18:10:00Z
"Equities Fall Intraday as Investors Await Key Earnings, Macro Data",US benchmark equity indexes were lower after midday Monday as markets awaited several major corporat,2025-04-28T18:15:02Z
Andersen Group Confidentially Files for IPO,"The group, which is the U.S. unit of tax and legal services firm Andersen Global, said it hasn’t determined how many shares it would offer or the anticipated price range.",2025-04-28T18:24:00Z
These 7 Stocks Are Analyst Favorites For Magnificent Earnings Growth,"As the stock market tries to rebound, it's important to watch the stocks most loved among equity analysts.  Netflix and DoorDash are two of the seven best stocks where investors can find magnificent profit growth prospects.  More than 70% of analysts covering Netflix have buy or overweight ratings on the video streaming service.",2025-04-28T18:24:21Z
Coinbase Targeting 4%-8% Returns With New Bitcoin Yield Fund,"The Coinbase Bitcoin Yield Fund opens for business on May 1 and promises returns initially from basis trading, with lending and options strategies to be used in the future, according to launch partner Aspen Digital.",2025-04-28T15:53:40Z
Cramer Says NVDA’s Future “Is Up to the Government”,"On Friday, Jim Cramer said that the demand for Nvidia’s (NVDA) chips is “insane.” But with the Trump administration still yet to determine how many chips the tech giant will be allowed to export, NVDA’s future is “up to the government,” Cramer said. The well-known stock picker advised investors to “not do anything” with NVDA […]",2025-04-28T18:24:45Z
Remember Plug Power Stock? It Might Be Back!,"Plug Power is popping after an encouraging cost-savings plan, revenue guidance",2025-04-28T18:32:10Z
Dow Jones Aerospace Giant Boeing Nears Buy Point; Spotify Earnings Imminent,"Dow Jones aerospace giant Boeing is approaching a new buy point, while Spotify earnings loom ahead of the market open Tuesday.",2025-04-28T18:32:11Z
Former Auto Exec Says Tesla (TSLA) Q1 Numbers Had ‘Noise’ – Q2 Will Be ‘Very Telling’,"We recently published a list of 10 Stocks Everyone’s Talking About as Trump Softens His Tone on China. In this article, we are going to take a look at where Tesla Inc (NASDAQ:TSLA) stands against other stocks everyone’s talking about as Trump softens his tone on China. Investors are desperately looking for signs of a […]",2025-04-28T18:39:13Z
Airbus is buying some of rival Boeing's old supply chain,"Airbus (AIR) said on Monday that it agreed to acquire some of Sprit Aerosystems’s facilities for making jet parts, completing a carve-up with Boeing (BA) of the struggling supplier and taking direct control of production.",2025-04-28T15:54:35Z
Jim Cramer Says No One Thinks Apple (AAPL) Is Having ‘Great’ Sell-Through,"We recently published a list of 10 Stocks Everyone’s Talking About as Trump Softens His Tone on China. In this article, we are going to take a look at where Apple Inc. (NASDAQ:AAPL) stands against other stocks everyone’s talking about as Trump softens his tone on China. Investors are desperately looking for signs of a […]",2025-04-28T18:39:27Z
Most common types of car insurance explained,"There are multiple types of car insurance you can purchase that will cover your vehicle, yourself, your passengers, and others on the road. Understanding the various types of car insurance coverage and when they pay out will help you decide what coverage is right for you.",2023-12-15T21:15:15Z
Credit card debt statistics (2025): See the trends,Credit card debt surpassed $1.21 trillion in 2024. Learn about the latest credit card statistics and industry trends.,2025-04-28T21:42:20Z
21 savings accounts with interest rates of 4% APY and higher (updated weekly),Is it possible to find savings accounts with interest rates of 4% or more? See which banks currently offer 4% interest savings accounts and open an account today.,2024-06-04T17:53:01Z
"Costa Coffee launches drive-through store in Winsford, UK",The opening follows the launch of a 24-hour drive-through at Leicester Meridien East motorway service station.,2025-04-28T15:55:09Z
8 money market accounts with interest rates of 4% APY and higher (updated weekly),A money market account can help you grow your savings balance. See which banks currently offer 4% APY (or more) and open an account today.,2025-04-15T16:01:54Z
"Mortgage and refinance interest rates today, April 29, 2025: Rates continue falling","These are today's mortgage and refinance rates. Interest rates have been down for about a week, but upcoming inflation data may change that. Lock in your rate today.",2025-04-29T10:00:00Z
"Best high-yield savings interest rates today, April 29, 2025 (top rate at 4.30% APY)",The best savings account interest rates are still well above historical norms. Find out which banks and credit unions are offering the highest savings rates today.,2025-04-29T10:00:01Z
"Best money market account rates today: April 29, 2025 (earn up to 4.41% APY)",Money market account interest rates today are still well above historical norms. Find out where to get the best money market account rates now.,2025-04-29T10:00:44Z
"Top Stock Movers Now: Nvidia, Tesla, Boeing, and More",U.S. equities were down at midday ahead of key tech earnings scheduled for this week.,2025-04-28T15:57:27Z
"Best CD rates today, April 29, 2025 (Lock in up to 4.40% APY)",Some of the highest CD rates are above % APY. Not sure where to find them? Learn more about where to get the best CD rates right now.,2025-04-29T10:00:55Z
Raisin review (2025): Is this high-yield savings marketplace trustworthy?,Raisin allows you to open multiple high-yield savings and CD accounts. But is it safe? And does it really offer the best rates?,2025-04-29T15:42:13Z
6 ways to increase your net worth,Your net worth is an important indicator of your financial health. So what if your net worth isn’t where you want it to be? Here’s how to increase your net worth.,2024-06-25T14:47:23Z
"What is net worth, and why is it important?","What is net worth? In short, it’s a snapshot of your overall financial health. Here’s how to calculate your net worth.",2024-06-18T19:30:59Z
"‘She’s kept him afloat’: I’m 78 and leaving my daughter, 41, my life savings, but her partner is a mooch. How can I protect her?",“He keeps losing jobs and going on unemployment.”,2025-04-28T15:58:00Z
Need a new budgeting tool? Try one of these 7 Mint alternatives,Looking for a replacement now that the Mint app is gone? Consider these 7 budgeting apps as Mint alternatives.,2024-04-18T18:50:36Z
How to budget: Your complete guide to budgeting for 2025,A successful budget can empower you to reach the important financial goals in your life. Learn how a budget works and the steps you need to follow to create a budget of your own with this step-by-step guide.,2024-08-08T15:50:36Z
Clorox’s women-in-management hiring goal helps revive man’s bias lawsuit,"A jury could determine the use of gender “representation targets” was evidence of discriminatory intent, the 9th U.S. Circuit Court of Appeals said.",2025-04-28T16:00:00Z
4 Brilliant Growth Stocks to Buy Now and Hold for the Long Term,Consider buying small stakes in these fundamentally strong stocks now.,2025-04-28T16:00:00Z
"Mastercard Unveils End-to-End Stablecoin Capabilities, Will Launch Card With OKX",Mastercard's new global system aims to make stablecoin transactions as seamless as traditional payments.,2025-04-28T16:00:16Z
"Rithm CEO on M&A in Real Estate, Possible Newrez IPO","Michael Nierenberg, Rithm Capital chair, president and CEO, joins Wall Street Beat on ""Bloomberg Open Interest"" to talk about M&A in the real estate space and how to find opportunities in these volatile markets.",2025-04-28T16:01:43Z
Robert Kiyosaki: 5 Things Boomers Must Do Before the Stock Market Crashes,"Robert Kiyosaki, famed financial advisor and author of ""Rich Dad, Poor Dad,"" isn't known for being shy about dispensing money advice. He frequently takes to social media, namely X to share pithy,...",2025-04-28T16:03:07Z
Analysts revise Nvidia price target on chip demand,This is what could happen next to Nvidia shares.,2025-04-28T16:03:00Z
Americans Are Concerned That the Prices of These 6 Things Will Go Up — 6 Best Ways To Save,"A new survey from Clever Real Estate found that the majority of Americans are worried about rising prices, and they're expecting things to get even worse later this year. Of those surveyed, 95% said...",2025-04-28T16:03:17Z
"5 Money Lessons They Should Teach in High School, According to Rachel Cruze","Financial literacy is not often taught in high school. This means many young adults have jobs, but don't know the basics about how to manage the money they're earning. Learn More: 8 Frugal Habits You...",2025-04-28T16:03:23Z
America is dangerously close to the worst kind of recession,Stagflation is a recession with a combination of high inflation and high unemployment. This economic worst-case scenario is becoming more real.,2025-04-28T16:04:01Z
Bank of America CEO Warned the Economy May Be Changing: Should Consumers Be Worried?,"Bank of America recently reported better-than-expected first-quarter earnings, beating analyst estimates. Its profit jumped 11% to $7.4 billion, or 90 cents per share, from $6.7 billion, or 76 cents...",2025-04-28T16:04:04Z
Merck KGaA to Buy Springworks for $3.9B,"German pharma company Merck is buying US biotech SpringWorks Therapeutics for $3.9B. SpringWorks makes medicines for cancer and rare diseases and is expected to give a boost to Merck's health-care division. Belen Garijo, Merck KGaA CEO joined Bloomberg Open Interest to talk about the deal.",2025-04-28T16:04:41Z
Is British American Tobacco Stock a Long-Term Buy?,The stock emerged from a disastrous decade and could now outperform the market moving forward.,2025-04-28T16:05:00Z
"Ending the U.S. trade deficit with tariffs is impossible, and it risks eliminating two longstanding U.S. surpluses","Dealmaking has ground to a halt for the U.S. financial services industry, which generated a $130 billion trade surplus last year.",2025-04-28T16:05:44Z
PepsiCo CEO was grilled about GLP-1s by a 13-year-old on his Q1 conference call,The CEO responded seriously with a mention of the company’s “fiber and hydration solutions.”,2025-04-28T16:14:13Z
French studio behind Peaky Blinders plots bid for ITV,"The French production powerhouse behind hits including Big Brother, MasterChef and Peaky Blinders has entered the race to buy ITV.",2025-04-28T16:15:31Z
Bitcoin Devotees Plowed $3 Billion Into ETFs Amid Crypto’s Surge,"(Bloomberg) -- Cryptocurrency investors waded back into the market last week, riding a surge in Bitcoin. Most Read from BloombergNewsom Says California Is Now the World’s Fourth-Biggest EconomyNYC’s Congestion Toll Raised $159 Million in the First QuarterNew York City Transit System Chips Away at Subway Fare EvasionAt Bryn Mawr, a Monumental Plaza Traces the Steps of Black HistoryThe Last Thing US Transit Agencies Should Do NowExchange-traded funds tracking Bitcoin and Ether attracted more than",2025-04-28T16:17:05Z
Small Business Owners Push for Tariff Relief,"Babylist CEO Natalie Gordon is calling on the Trump administration for tariff breaks on critical baby products like car seats, cribs, and strollers. She joined Bloomberg Open Interest to talk about the small business push for tariff relief.",2025-04-28T16:17:11Z
3 High-Yield Energy Stocks to Buy to Create Years of Passive Income,"The energy sector can be a great place for investors to collect a lucrative passive income stream.  Many energy companies generate lots of excess cash flow, giving them the money to pay hefty dividends.  Several companies in the sector also have long dividend growth streaks.",2025-04-28T16:18:00Z
Merck Germany Buys US Cancer Drugmaker SpringWorks Therapeutics For Around $4 Billion,"SpringWorks Therapeutics, Inc. (NASDAQ:SWTX) shares are trading higher on Monday after the company inked a deal to be acquired by Merck & Company, Inc. (NYSE:MRK) for $47 per share in cash. The acquisition price translates to an equity value of around $3.9 billion and an enterprise value of $3.4 billion (3.0 billion euros), based on SpringWorks' cash position of $461.9 million as of December 31, 2024. As per media reports in February, Merck Germany reacted to press reports and confirmed advanced",2025-04-28T16:17:58Z
Trump's Fed feud: Why interest rates won't budge anytime soon,"President Donald Trump could be setting up Fed Chair Jerome Powell as a 'scapegoat' if a recession hits, according to an MSU economist.",2025-04-28T16:19:45Z
Bain Capital in Talks to Lead $2 Billion Investment in Insurance Broker Acrisure,"(Bloomberg) -- A group led by Bain Capital’s special-situations arm is in talks to invest as much as $2 billion in insurance broker Acrisure, according to people with knowledge of the matter.Most Read from BloombergNewsom Says California Is Now the World’s Fourth-Biggest EconomyNYC’s Congestion Toll Raised $159 Million in the First QuarterNew York City Transit System Chips Away at Subway Fare EvasionAt Bryn Mawr, a Monumental Plaza Traces the Steps of Black HistoryThe Last Thing US Transit Agenc",2025-04-28T16:20:54Z
Why Airbus Stock Popped Today,Boeing or Airbus: Which one should you choose?,2025-04-28T16:21:58Z
Culver’s promotes CMO Julie Fussner to CEO,"Fussner takes the helm as the brand hits the 1,000 restaurant mark, propelled by a $3.8 million AUV.",2025-04-28T16:23:45Z
Microsoft faces a high bar as Big Tech enters a make-or-break week,"Microsoft (MSFT) reports its fiscal third-quarter results after the bell Wednesday, April 30, kicking off one of the most closely watched and consequential weeks for Big Tech this year.",2025-04-28T16:27:00Z
What Analysts Think of Apple Stock Ahead of Earnings,"Apple is slated to report fiscal second-quarter results after the market closes Thursday, with investors likely to be watching for clues on how shifting trade policies could impact the iPhone maker.",2025-04-28T16:29:04Z
3 Top Artificial Intelligence (AI) Stocks Ready for a Bull Run,"The stock market is quietly staging a comeback following a rough start to 2025.  While still down about 9% year to date as of this writing, the innovation-heavy Nasdaq Composite index has rallied by more than 16% from its recent low.",2025-04-28T16:30:00Z
China Denies Phone Call Between Presidents Xi and Trump,"China denied talks are happening between Presidents Xi Jinping and Donald Trump Monday as global trade uncertainty boosts bitcoin's haven appeal, prompting Standard Chartered to forecast bitcoin to hit an all-time high of $120,000 by the end of June. Plus, $TRUMP memecoin surges toward a $3 billion market capitalization and Stripe tests a new stablecoin project to capture a share of the projected $3.7 trillion stablecoin market by 2030.",2025-04-28T16:32:41Z
"Tether's $770M XAUT Backed by 7.7 Tons of Gold in Swiss Vault, Says Company",Tether reported the first attestation report for its Tether Gold product under new El Salvador regulations as gold demand surges globally,2025-04-28T16:33:00Z
7 Mark Cuban Money Tips All Low-Income Earners Should Follow,"Being broke doesn't mean you can't make smart money moves. The billionaire entrepreneur and Shark Tank investor is known for his blunt, no-fluff advice and surprisingly, much of it applies to people...",2025-04-28T16:39:37Z
Here's How Tariffs Could Affect This Industry Giant. Should Investors Be Worried?,"Nike (NYSE: NKE) is still regarded as the leader in the sportswear industry, but investors know that it's been a rough few years for the Swoosh.  Nike stock recently hit a seven-year low as a combination of declining sales and profits, concerns around a trade war, and a weakening economy have pummeled the stock.",2025-04-28T16:45:00Z
Nvidia Stock Drops on Report Huawei Is Developing Rival AI Chip,Nvidia shares led losses on the Dow and S&P 500 Monday afternoon following a report China's Huawei Technologies is preparing to test a rival AI chip.,2025-04-28T16:46:25Z
Intel CEO alludes to layoffs as tech giant loses $821 million in Q1,"Intel plans workforce cuts and a tighter return-to-work policy, but the company, a major Arizona employer, didn't announce specific layoff numbers.",2025-04-28T16:46:58Z
Americans are betting too much of their retirement on the U.S. stock market. They should be doing this instead.,The first 100 days of Trump’s second term show how diversification can benefit your 401(k).,2025-04-28T16:52:00Z
"Puig Reiterates FY 2025 Guidance, Posts Strong Q1 Fragrance Sales",The Spanish beauty and fashion company expects organic revenue growth in the 6 to 8 percent range this year.,2025-04-28T16:55:27Z
"Saks CEO Marc Metrick Reassures Bondholders, Says Company Has $350M to $400M of Liquidity",Metrick said the new Saks approach is coming together even as the company looks for a little extra cushioning in a tough market.,2025-04-28T16:56:00Z
NX Group renews partnership with Asset Alliance,Fleet expansion underlines strategy for short-term leasing and modernisation,2025-04-28T16:59:23Z
Pony AI stock price: Chinese Waymo rival is up a staggering 55% today. Here are 3 possible reasons why,"The robotaxi company unveiled new driverless cars and a partnership with WeChat, and reports say it could be on the road to profitability.",2025-04-28T17:00:00Z
